0,2.02E+12,陈良,男,启新学院,信息电子实验班,2018.0,电信实验班18(1)
1,2.02E+12,郑汉忠,男,服装学院,服装设计与工程,2018.0,服装设计与工程18(3)
2,2.02E+12,贝翁斌,男,服装学院,服装设计与工程,2018.0,服装设计与工程18(3)
3,2.02E+12,尤广东,男,服装学院,服装设计与工程,2018.0,服装设计与工程18(3)
4,2.02E+12,刘思琪,女,经济管理学院,会计学,2019.0,会计学19(3)
5,2.02E+12,欧宇航,男,启新学院,机电实验班,2018.0,机电实验班18(1)
6,2.02E+12,郑钦恩,男,启新学院,机电实验班,2019.0,机电实验班19(1)
7,2.02E+12,祝靖涛,男,启新学院,机电实验班,2019.0,机电实验班19(1)
8,2.02E+12,郑晋宇,男,信息学院,计算机科学与技术,2018.0,计算机科学与技术18(1)
9,2.02E+12,章宸,男,信息学院,计算机科学与技术,2018.0,计算机科学与技术18(1)
10,2.02E+12,林方圆,女,信息学院,计算机科学与技术,2018.0,计算机科学与技术18(1)
11,2.02E+12,周露怡,女,信息学院,计算机科学与技术,2018.0,计算机科学与技术18(1)
12,2.02E+12,张羽,男,信息学院,计算机科学与技术,2018.0,计算机科学与技术18(2)
13,2.02E+12,苏于真,女,信息学院,计算机科学与技术,2018.0,计算机科学与技术18(2)
14,2.02E+12,赵叶莹,女,信息学院,计算机科学与技术,2018.0,计算机科学与技术18(2)
15,2.02E+12,刘文文,男,信息学院,计算机科学与技术,2018.0,计算机科学与技术18(2)
16,2.02E+12,王秉坤,男,信息学院,计算机科学与技术,2018.0,计算机科学与技术18(2)
17,2.02E+12,翁卓仕,男,信息学院,计算机科学与技术,2018.0,计算机科学与技术18(2)
18,2.02E+12,谢舒帆,男,信息学院,计算机科学与技术,2018.0,计算机科学与技术18(2)
19,2.02E+12,叶晨,男,信息学院,计算机科学与技术,2018.0,计算机科学与技术18(2)
20,2.02E+12,张家豪,男,信息学院,计算机科学与技术,2018.0,计算机科学与技术18(2)
21,2.02E+12,郑玺宬,男,信息学院,计算机科学与技术,2018.0,计算机科学与技术18(2)
22,2.02E+12,王馨仪,女,信息学院,计算机科学与技术,2018.0,计算机科学与技术18(2)
23,2.02E+12,艾吾冉·艾斯丁,男,信息学院,计算机科学与技术,2018.0,计算机科学与技术18(2)
24,2.02E+12,曹明珲,男,信息学院,计算机科学与技术,2018.0,计算机科学与技术18(2)
25,2.02E+12,陈佳龙,男,信息学院,计算机科学与技术,2018.0,计算机科学与技术18(2)
26,2.02E+12,陈相甫,男,信息学院,计算机科学与技术,2018.0,计算机科学与技术18(2)
27,2.02E+12,陈永威,男,信息学院,计算机科学与技术,2018.0,计算机科学与技术18(2)
28,2.02E+12,王宇鹏,男,信息学院,计算机科学与技术,2018.0,计算机科学与技术18(2)
29,2.02E+12,吴晨旻,男,信息学院,计算机科学与技术,2018.0,计算机科学与技术18(2)
30,2.02E+12,吴勇杰,男,信息学院,计算机科学与技术,2018.0,计算机科学与技术18(2)
31,2.02E+12,南浩磊,男,信息学院,计算机科学与技术,2018.0,计算机科学与技术18(2)
32,2.02E+12,郑雪丹,女,信息学院,计算机科学与技术,2018.0,计算机科学与技术18(2)
33,2.02E+12,李静,女,信息学院,计算机科学与技术,2018.0,计算机科学与技术18(2)
34,2.02E+12,王潇霖,男,信息学院,计算机科学与技术,2018.0,计算机科学与技术18(2)
35,2.02E+12,高涛,男,信息学院,计算机科学与技术,2018.0,计算机科学与技术18(3)
36,2.02E+12,樊若琦,女,信息学院,计算机科学与技术,2018.0,计算机科学与技术18(3)
37,2.02E+12,隋馨,女,信息学院,计算机科学与技术,2018.0,计算机科学与技术18(3)
38,2.02E+12,王画影,女,信息学院,计算机科学与技术,2018.0,计算机科学与技术18(3)
39,2.02E+12,王佳瑶,女,信息学院,计算机科学与技术,2018.0,计算机科学与技术18(3)
40,2.02E+12,陈庆杰,男,信息学院,计算机科学与技术,2018.0,计算机科学与技术18(3)
41,2.02E+12,何非凡,男,信息学院,计算机科学与技术,2018.0,计算机科学与技术18(3)
42,2.02E+12,黄基配,男,信息学院,计算机科学与技术,2018.0,计算机科学与技术18(3)
43,2.02E+12,彭小龙,男,信息学院,计算机科学与技术,2018.0,计算机科学与技术18(3)
44,2.02E+12,屠翰乾,男,信息学院,计算机科学与技术,2018.0,计算机科学与技术18(3)
45,2.02E+12,周金奇,男,信息学院,计算机科学与技术,2018.0,计算机科学与技术18(3)
46,2.02E+12,汪慧,女,信息学院,计算机科学与技术,2018.0,计算机科学与技术18(3)
47,2.02E+12,陈泽涛,男,信息学院,计算机科学与技术,2018.0,计算机科学与技术18(3)
48,2.02E+12,宋璐祺,男,信息学院,计算机科学与技术,2018.0,计算机科学与技术18(3)
49,2.02E+12,陶志超,男,信息学院,计算机科学与技术,2018.0,计算机科学与技术18(3)
50,2.02E+12,童润民,男,信息学院,计算机科学与技术,2018.0,计算机科学与技术18(3)
51,2.02E+12,吴浩锟,男,信息学院,计算机科学与技术,2018.0,计算机科学与技术18(3)
52,2.02E+12,岳少强,男,信息学院,计算机科学与技术,2018.0,计算机科学与技术18(3)
53,2.02E+12,周炜,男,信息学院,计算机科学与技术,2018.0,计算机科学与技术18(3)
54,2.02E+12,金宇星,男,信息学院,计算机科学与技术,2018.0,计算机科学与技术18(3)
55,2.02E+12,雷哲,男,信息学院,计算机科学与技术,2018.0,计算机科学与技术18(3)
56,2.02E+12,王学慧,女,信息学院,计算机科学与技术,2018.0,计算机科学与技术18(3)
57,2.02E+12,温晓晴,女,信息学院,计算机科学与技术,2018.0,计算机科学与技术18(4)
58,2.02E+12,卢伶利,女,信息学院,计算机科学与技术,2018.0,计算机科学与技术18(4)
59,2.02E+12,花承浩,男,信息学院,计算机科学与技术,2018.0,计算机科学与技术18(4)
60,2.02E+12,姚尚辰,男,信息学院,计算机科学与技术,2018.0,计算机科学与技术18(4)
61,2.02E+12,倪丽霞,女,信息学院,计算机科学与技术,2018.0,计算机科学与技术18(4)
62,2.02E+12,王紫莹,女,信息学院,计算机科学与技术,2018.0,计算机科学与技术18(4)
63,2.02E+12,曹凯,男,信息学院,计算机科学与技术,2018.0,计算机科学与技术18(4)
64,2.02E+12,陈捷润,男,信息学院,计算机科学与技术,2018.0,计算机科学与技术18(4)
65,2.02E+12,吴鑫,男,信息学院,计算机科学与技术,2018.0,计算机科学与技术18(4)
66,2.02E+12,徐晓亮,男,信息学院,计算机科学与技术,2018.0,计算机科学与技术18(4)
67,2.02E+12,郁子晨,男,信息学院,计算机科学与技术,2018.0,计算机科学与技术18(4)
68,2.02E+12,朱晨焕,男,信息学院,计算机科学与技术,2018.0,计算机科学与技术18(4)
69,2.02E+12,陈永康,男,信息学院,计算机科学与技术,2018.0,计算机科学与技术18(4)
70,2.02E+12,蒋伊欢,男,信息学院,计算机科学与技术,2018.0,计算机科学与技术18(4)
71,2.02E+12,李吉翔,男,信息学院,计算机科学与技术,2018.0,计算机科学与技术18(4)
72,2.02E+12,王佳豪,男,信息学院,计算机科学与技术,2018.0,计算机科学与技术18(4)
73,2.02E+12,张腾熠,男,信息学院,计算机科学与技术,2018.0,计算机科学与技术18(4)
74,2.02E+12,郑其煌,男,信息学院,计算机科学与技术,2018.0,计算机科学与技术18(4)
75,2.02E+12,郑志超,男,信息学院,计算机科学与技术,2018.0,计算机科学与技术18(4)
76,2.02E+12,李泓辰,男,信息学院,计算机科学与技术,2018.0,计算机科学与技术18(4)
77,2.02E+12,吴浩哲,男,信息学院,计算机科学与技术,2018.0,计算机科学与技术18(4)
78,2.02E+12,王世宙,男,信息学院,计算机科学与技术,2018.0,计算机科学与技术18(4)
79,2.02E+12,张开斌,男,信息学院,计算机科学与技术,2018.0,计算机科学与技术18(4)
80,2.02E+12,崔发,男,建筑工程学院,建筑学,2019.0,建筑学19(3)
81,2.02E+12,吴含琪,女,经济管理学院,经济统计学,2018.0,经济统计学18(2)
82,2.02E+12,王曦,女,经济管理学院,经济与贸易类,2019.0,经济与贸易类19(4)
83,2.02E+12,庞哲,男,启新学院,理工实验班,2018.0,理工实验班18(1)
84,2.02E+12,熊康,男,启新学院,理工实验班,2018.0,理工实验班18(1)
85,2.02E+12,林欣,女,启新学院,理工实验班,2019.0,理工实验班19(1)
86,2.02E+12,张静雯,女,启新学院,理工实验班,2019.0,理工实验班19(1)
87,2.02E+12,孟真,男,启新学院,理工实验班,2019.0,理工实验班19(1)
88,2.02E+12,牛一帆,男,启新学院,理工实验班,2019.0,理工实验班19(1)
89,2.02E+12,张魁,男,启新学院,理工实验班,2019.0,理工实验班19(1)
90,2.02E+12,毛梦颖,女,经济管理学院,人力资源管理,2019.0,人力资源管理19(2)
91,2.02E+12,虎良龙,男,经济管理学院,人力资源管理,2019.0,人力资源管理19(2)
92,2.02E+12,王梦瑶,女,信息学院,通信工程,2018.0,通信工程18(2)
93,2.02E+12,刘毅,男,理学院,信息与计算科学,2018.0,信息与计算科学18(1)
94,2.02E+12,张皓然,男,机械与自动控制学院,自动化,2018.0,自动化18(2)
95,2.02E+12,郭向阳,男,机械与自动控制学院,自动化,2018.0,自动化18(2)
