﻿学号,姓名,性别,学院,专业,年级,班级
2.02E+12,陈良,男,启新学院,信息电子实验班,2018,电信实验班18(1)
2.02E+12,郑汉忠,男,服装学院,服装设计与工程,2018,服装设计与工程18(3)
2.02E+12,贝翁斌,男,服装学院,服装设计与工程,2018,服装设计与工程18(3)
2.02E+12,尤广东,男,服装学院,服装设计与工程,2018,服装设计与工程18(3)
2.02E+12,刘思琪,女,经济管理学院,会计学,2019,会计学19(3)
2.02E+12,欧宇航,男,启新学院,机电实验班,2018,机电实验班18(1)
2.02E+12,郑钦恩,男,启新学院,机电实验班,2019,机电实验班19(1)
2.02E+12,祝靖涛,男,启新学院,机电实验班,2019,机电实验班19(1)
2.02E+12,郑晋宇,男,信息学院,计算机科学与技术,2018,计算机科学与技术18(1)
2.02E+12,章宸,男,信息学院,计算机科学与技术,2018,计算机科学与技术18(1)
2.02E+12,林方圆,女,信息学院,计算机科学与技术,2018,计算机科学与技术18(1)
2.02E+12,周露怡,女,信息学院,计算机科学与技术,2018,计算机科学与技术18(1)
2.02E+12,张羽,男,信息学院,计算机科学与技术,2018,计算机科学与技术18(2)
2.02E+12,苏于真,女,信息学院,计算机科学与技术,2018,计算机科学与技术18(2)
2.02E+12,赵叶莹,女,信息学院,计算机科学与技术,2018,计算机科学与技术18(2)
2.02E+12,刘文文,男,信息学院,计算机科学与技术,2018,计算机科学与技术18(2)
2.02E+12,王秉坤,男,信息学院,计算机科学与技术,2018,计算机科学与技术18(2)
2.02E+12,翁卓仕,男,信息学院,计算机科学与技术,2018,计算机科学与技术18(2)
2.02E+12,谢舒帆,男,信息学院,计算机科学与技术,2018,计算机科学与技术18(2)
2.02E+12,叶晨,男,信息学院,计算机科学与技术,2018,计算机科学与技术18(2)
2.02E+12,张家豪,男,信息学院,计算机科学与技术,2018,计算机科学与技术18(2)
2.02E+12,郑玺宬,男,信息学院,计算机科学与技术,2018,计算机科学与技术18(2)
2.02E+12,王馨仪,女,信息学院,计算机科学与技术,2018,计算机科学与技术18(2)
2.02E+12,艾吾冉·艾斯丁,男,信息学院,计算机科学与技术,2018,计算机科学与技术18(2)
2.02E+12,曹明珲,男,信息学院,计算机科学与技术,2018,计算机科学与技术18(2)
2.02E+12,陈佳龙,男,信息学院,计算机科学与技术,2018,计算机科学与技术18(2)
2.02E+12,陈相甫,男,信息学院,计算机科学与技术,2018,计算机科学与技术18(2)
2.02E+12,陈永威,男,信息学院,计算机科学与技术,2018,计算机科学与技术18(2)
2.02E+12,王宇鹏,男,信息学院,计算机科学与技术,2018,计算机科学与技术18(2)
2.02E+12,吴晨旻,男,信息学院,计算机科学与技术,2018,计算机科学与技术18(2)
2.02E+12,吴勇杰,男,信息学院,计算机科学与技术,2018,计算机科学与技术18(2)
2.02E+12,南浩磊,男,信息学院,计算机科学与技术,2018,计算机科学与技术18(2)
2.02E+12,郑雪丹,女,信息学院,计算机科学与技术,2018,计算机科学与技术18(2)
2.02E+12,李静,女,信息学院,计算机科学与技术,2018,计算机科学与技术18(2)
2.02E+12,王潇霖,男,信息学院,计算机科学与技术,2018,计算机科学与技术18(2)
2.02E+12,高涛,男,信息学院,计算机科学与技术,2018,计算机科学与技术18(3)
2.02E+12,樊若琦,女,信息学院,计算机科学与技术,2018,计算机科学与技术18(3)
2.02E+12,隋馨,女,信息学院,计算机科学与技术,2018,计算机科学与技术18(3)
2.02E+12,王画影,女,信息学院,计算机科学与技术,2018,计算机科学与技术18(3)
2.02E+12,王佳瑶,女,信息学院,计算机科学与技术,2018,计算机科学与技术18(3)
2.02E+12,陈庆杰,男,信息学院,计算机科学与技术,2018,计算机科学与技术18(3)
2.02E+12,何非凡,男,信息学院,计算机科学与技术,2018,计算机科学与技术18(3)
2.02E+12,黄基配,男,信息学院,计算机科学与技术,2018,计算机科学与技术18(3)
2.02E+12,彭小龙,男,信息学院,计算机科学与技术,2018,计算机科学与技术18(3)
2.02E+12,屠翰乾,男,信息学院,计算机科学与技术,2018,计算机科学与技术18(3)
2.02E+12,周金奇,男,信息学院,计算机科学与技术,2018,计算机科学与技术18(3)
2.02E+12,汪慧,女,信息学院,计算机科学与技术,2018,计算机科学与技术18(3)
2.02E+12,陈泽涛,男,信息学院,计算机科学与技术,2018,计算机科学与技术18(3)
2.02E+12,宋璐祺,男,信息学院,计算机科学与技术,2018,计算机科学与技术18(3)
2.02E+12,陶志超,男,信息学院,计算机科学与技术,2018,计算机科学与技术18(3)
2.02E+12,童润民,男,信息学院,计算机科学与技术,2018,计算机科学与技术18(3)
2.02E+12,吴浩锟,男,信息学院,计算机科学与技术,2018,计算机科学与技术18(3)
2.02E+12,岳少强,男,信息学院,计算机科学与技术,2018,计算机科学与技术18(3)
2.02E+12,周炜,男,信息学院,计算机科学与技术,2018,计算机科学与技术18(3)
2.02E+12,金宇星,男,信息学院,计算机科学与技术,2018,计算机科学与技术18(3)
2.02E+12,雷哲,男,信息学院,计算机科学与技术,2018,计算机科学与技术18(3)
2.02E+12,王学慧,女,信息学院,计算机科学与技术,2018,计算机科学与技术18(3)
2.02E+12,温晓晴,女,信息学院,计算机科学与技术,2018,计算机科学与技术18(4)
2.02E+12,卢伶利,女,信息学院,计算机科学与技术,2018,计算机科学与技术18(4)
2.02E+12,花承浩,男,信息学院,计算机科学与技术,2018,计算机科学与技术18(4)
2.02E+12,姚尚辰,男,信息学院,计算机科学与技术,2018,计算机科学与技术18(4)
2.02E+12,倪丽霞,女,信息学院,计算机科学与技术,2018,计算机科学与技术18(4)
2.02E+12,王紫莹,女,信息学院,计算机科学与技术,2018,计算机科学与技术18(4)
2.02E+12,曹凯,男,信息学院,计算机科学与技术,2018,计算机科学与技术18(4)
2.02E+12,陈捷润,男,信息学院,计算机科学与技术,2018,计算机科学与技术18(4)
2.02E+12,吴鑫,男,信息学院,计算机科学与技术,2018,计算机科学与技术18(4)
2.02E+12,徐晓亮,男,信息学院,计算机科学与技术,2018,计算机科学与技术18(4)
2.02E+12,郁子晨,男,信息学院,计算机科学与技术,2018,计算机科学与技术18(4)
2.02E+12,朱晨焕,男,信息学院,计算机科学与技术,2018,计算机科学与技术18(4)
2.02E+12,陈永康,男,信息学院,计算机科学与技术,2018,计算机科学与技术18(4)
2.02E+12,蒋伊欢,男,信息学院,计算机科学与技术,2018,计算机科学与技术18(4)
2.02E+12,李吉翔,男,信息学院,计算机科学与技术,2018,计算机科学与技术18(4)
2.02E+12,王佳豪,男,信息学院,计算机科学与技术,2018,计算机科学与技术18(4)
2.02E+12,张腾熠,男,信息学院,计算机科学与技术,2018,计算机科学与技术18(4)
2.02E+12,郑其煌,男,信息学院,计算机科学与技术,2018,计算机科学与技术18(4)
2.02E+12,郑志超,男,信息学院,计算机科学与技术,2018,计算机科学与技术18(4)
2.02E+12,李泓辰,男,信息学院,计算机科学与技术,2018,计算机科学与技术18(4)
2.02E+12,吴浩哲,男,信息学院,计算机科学与技术,2018,计算机科学与技术18(4)
2.02E+12,王世宙,男,信息学院,计算机科学与技术,2018,计算机科学与技术18(4)
2.02E+12,张开斌,男,信息学院,计算机科学与技术,2018,计算机科学与技术18(4)
2.02E+12,崔发,男,建筑工程学院,建筑学,2019,建筑学19(3)
2.02E+12,吴含琪,女,经济管理学院,经济统计学,2018,经济统计学18(2)
2.02E+12,王曦,女,经济管理学院,经济与贸易类,2019,经济与贸易类19(4)
2.02E+12,庞哲,男,启新学院,理工实验班,2018,理工实验班18(1)
2.02E+12,熊康,男,启新学院,理工实验班,2018,理工实验班18(1)
2.02E+12,林欣,女,启新学院,理工实验班,2019,理工实验班19(1)
2.02E+12,张静雯,女,启新学院,理工实验班,2019,理工实验班19(1)
2.02E+12,孟真,男,启新学院,理工实验班,2019,理工实验班19(1)
2.02E+12,牛一帆,男,启新学院,理工实验班,2019,理工实验班19(1)
2.02E+12,张魁,男,启新学院,理工实验班,2019,理工实验班19(1)
2.02E+12,毛梦颖,女,经济管理学院,人力资源管理,2019,人力资源管理19(2)
2.02E+12,虎良龙,男,经济管理学院,人力资源管理,2019,人力资源管理19(2)
2.02E+12,王梦瑶,女,信息学院,通信工程,2018,通信工程18(2)
2.02E+12,刘毅,男,理学院,信息与计算科学,2018,信息与计算科学18(1)
2.02E+12,张皓然,男,机械与自动控制学院,自动化,2018,自动化18(2)
2.02E+12,郭向阳,男,机械与自动控制学院,自动化,2018,自动化18(2)
信息学院,73
启新学院,11
经济管理学院,5
服装学院,3
机械与自动控制学院,2
理学院,1
建筑工程学院,1
信息学院,73
启新学院,11
经济管理学院,5
服装学院,3
机械与自动控制学院,2
建筑工程学院,1
理学院,1
信息学院,73
启新学院,11
经济管理学院,5
服装学院,3
机械与自动控制学院,2
理学院,1
建筑工程学院,1
